row_id,x,y
0,31.862363815307617,26.501901626586914
1,31.247600555419922,23.951845169067383
2,33.891151428222656,20.356740951538086
3,30.353721618652344,23.01333999633789
4,29.0087890625,23.069034576416016
5,26.864608764648438,22.664188385009766
6,28.869537353515625,23.690462112426758
7,28.90740394592285,23.5975341796875
8,38.73261260986328,21.134122848510742
9,30.38404083251953,21.336885452270508
10,32.85928726196289,21.71834945678711
11,32.47174835205078,21.087894439697266
12,39.63486099243164,21.80150032043457
13,43.751014709472656,21.519786834716797
14,42.58784866333008,19.54913902282715
15,45.22928237915039,15.916909217834473
16,35.677040100097656,33.04636764526367
17,27.646198272705078,20.39052391052246
18,35.43230056762695,19.60439682006836
19,37.179141998291016,14.172629356384277
20,33.62765884399414,18.772624969482422
21,25.87497329711914,19.216407775878906
22,25.893850326538086,19.219318389892578
23,30.278444290161133,19.552976608276367
24,38.623470306396484,21.219011306762695
25,38.63092803955078,21.224191665649414
26,39.209896087646484,20.577381134033203
27,39.72996139526367,20.505138397216797
28,44.125362396240234,21.36798858642578
29,44.041473388671875,21.781667709350586
30,54.963966369628906,26.223379135131836
31,48.487648010253906,18.96915626525879
32,40.6175651550293,16.345996856689453
33,33.449249267578125,20.578041076660156
34,33.213340759277344,22.963838577270508
35,30.501876831054688,22.69455909729004
36,33.019134521484375,24.207592010498047
37,31.982316970825195,19.087963104248047
38,33.00824737548828,21.155675888061523
39,33.04426574707031,20.78032875061035
40,34.45127868652344,19.95206069946289
41,34.44615173339844,16.56393814086914
42,35.66768264770508,16.580677032470703
43,30.796180725097656,21.01769256591797
44,29.987802505493164,21.078384399414062
45,29.697490692138672,21.050119400024414
46,30.47347068786621,21.09311866760254
47,32.86848068237305,21.403156280517578
48,37.63810729980469,21.889156341552734
49,30.476980209350586,21.169519424438477
50,35.40827178955078,21.553632736206055
51,37.96903991699219,21.664432525634766
52,40.22416687011719,21.531030654907227
53,39.68724060058594,19.038349151611328
54,44.29790115356445,18.906679153442383
55,43.75818634033203,21.23865509033203
56,30.957612991333008,19.989809036254883
57,38.118892669677734,20.709430694580078
58,30.957775115966797,19.98992919921875
59,37.763648986816406,20.129772186279297
60,29.39019203186035,34.95929718017578
61,31.717430114746094,34.870853424072266
62,37.919063568115234,33.73766326904297
63,40.526180267333984,35.28409194946289
64,38.9549446105957,33.63652420043945
65,41.774898529052734,30.376832962036133
66,47.74761962890625,30.968027114868164
67,36.87454605102539,32.207855224609375
68,42.580657958984375,30.122377395629883
69,42.051429748535156,25.63088035583496
70,42.577789306640625,25.954870223999023
71,43.0435791015625,22.528820037841797
72,43.04533386230469,22.526935577392578
73,43.04533386230469,22.526935577392578
74,43.045345306396484,22.526927947998047
75,43.37232208251953,22.509321212768555
76,47.13936233520508,20.218883514404297
77,47.13901138305664,20.218929290771484
78,47.11030578613281,20.203981399536133
79,46.06922149658203,19.894227981567383
80,46.323543548583984,19.098094940185547
81,46.63884735107422,19.476171493530273
82,46.61832809448242,19.432201385498047
83,34.08211135864258,18.65592384338379
84,36.89231872558594,18.757579803466797
85,36.89231872558594,18.757579803466797
86,36.9953727722168,18.646883010864258
87,37.03130340576172,17.77249526977539
88,37.597557067871094,17.14046859741211
89,37.53386688232422,16.989139556884766
90,37.36705780029297,22.111021041870117
91,28.04082489013672,17.917856216430664
92,26.535043716430664,16.656843185424805
93,30.415325164794922,15.996061325073242
94,37.738746643066406,17.298585891723633
95,38.40850830078125,17.57215118408203
96,38.11210250854492,17.85443687438965
97,38.99229431152344,18.77149772644043
98,40.01411056518555,23.361248016357422
99,27.343568801879883,21.690475463867188
100,26.722488403320312,21.236225128173828
101,25.530067443847656,20.357961654663086
102,26.93943977355957,21.40134620666504
103,26.975921630859375,21.450103759765625
104,27.92119598388672,21.541046142578125
105,34.361976623535156,22.18121910095215
106,32.90650939941406,21.984485626220703
107,33.782466888427734,22.0106201171875
108,33.98927688598633,21.66742706298828
109,32.83797836303711,23.685054779052734
110,33.5532341003418,22.419506072998047
111,32.787567138671875,18.152685165405273
112,31.70055389404297,18.280027389526367
113,26.579513549804688,18.13873863220215
114,26.868457794189453,18.160837173461914
115,27.0233154296875,19.444353103637695
116,27.189722061157227,19.422286987304688
117,27.079166412353516,19.453378677368164
118,28.964366912841797,19.981672286987305
119,35.056434631347656,17.89748191833496
120,38.40618896484375,23.38509178161621
121,37.241729736328125,24.331493377685547
122,36.62726593017578,24.953495025634766
123,36.575965881347656,25.68404197692871
124,37.48820877075195,26.4899845123291
125,29.49060821533203,25.99907112121582
126,32.74471664428711,27.21392059326172
127,37.696067810058594,28.082618713378906
128,31.441513061523438,27.44437026977539
129,31.40003204345703,27.27870750427246
130,31.40003204345703,27.27870750427246
131,38.43701171875,28.01944351196289
132,30.351829528808594,26.62563133239746
133,35.35652160644531,27.501482009887695
134,30.406455993652344,26.632978439331055
135,31.49834632873535,25.812440872192383
136,40.45532989501953,15.881567001342773
137,34.179344177246094,24.32454490661621
138,37.287620544433594,18.97933006286621
139,34.60065460205078,22.40508270263672
140,23.898229598999023,27.030906677246094
141,25.809539794921875,26.814132690429688
142,25.103782653808594,27.62763023376465
143,28.33074951171875,25.9663143157959
144,30.062393188476562,27.220836639404297
145,30.55863380432129,26.856454849243164
146,29.75635528564453,28.27164649963379
147,34.05426788330078,28.759963989257812
148,34.002052307128906,28.686899185180664
149,33.551551818847656,28.772781372070312
150,39.175270080566406,29.2818603515625
151,41.379085540771484,28.712080001831055
152,40.84646224975586,29.68448257446289
153,41.01447296142578,30.209327697753906
154,40.30513000488281,30.027833938598633
155,40.32745361328125,30.035816192626953
156,40.35402297973633,30.043458938598633
157,35.791831970214844,30.926639556884766
158,39.024539947509766,30.071060180664062
159,40.2750244140625,28.69749641418457
160,35.87261199951172,29.77655792236328
161,36.059017181396484,29.361045837402344
162,36.97345733642578,30.232118606567383
163,29.812179565429688,29.512495040893555
164,27.974285125732422,30.916475296020508
165,25.694862365722656,31.275100708007812
166,25.87146759033203,30.993032455444336
167,24.339500427246094,30.98196029663086
168,24.119901657104492,30.76093292236328
169,25.069599151611328,29.255544662475586
170,33.5366096496582,29.798425674438477
171,32.74160385131836,29.003801345825195
172,36.067039489746094,29.218402862548828
173,35.29175567626953,27.9251708984375
174,34.50294876098633,27.937538146972656
175,33.543128967285156,28.257150650024414
176,29.68637466430664,27.429214477539062
177,30.703033447265625,27.698204040527344
178,31.95675277709961,27.283933639526367
179,33.28248596191406,27.431928634643555
180,34.911590576171875,29.11511993408203
181,35.01753234863281,29.190231323242188
182,39.92046356201172,28.973962783813477
183,37.465492248535156,28.42446517944336
184,38.19355773925781,28.575218200683594
185,43.22738265991211,30.6300048828125
186,44.53992462158203,30.6495418548584
187,39.43920135498047,29.699460983276367
188,45.89490509033203,30.81732940673828
189,38.327301025390625,28.071683883666992
190,38.369117736816406,28.061290740966797
191,42.897705078125,28.003849029541016
192,39.321807861328125,27.645444869995117
193,34.81427764892578,27.270231246948242
194,34.8347282409668,27.297332763671875
195,34.9335823059082,27.96380043029785
196,35.80036926269531,31.7774715423584
197,37.780189514160156,27.062152862548828
198,37.795204162597656,27.22802734375
199,37.61750793457031,28.026363372802734
200,35.6483154296875,33.500572204589844
201,31.863197326660156,29.8884334564209
202,31.473907470703125,28.677108764648438
203,33.29707336425781,28.746763229370117
204,40.78614044189453,19.495298385620117
205,39.791229248046875,19.720914840698242
206,31.673927307128906,27.153697967529297
207,37.978214263916016,28.46035385131836
208,39.39800262451172,30.14037322998047
209,46.55962371826172,30.860023498535156
210,47.60260772705078,33.787147521972656
211,49.030765533447266,33.854679107666016
212,47.670379638671875,33.392295837402344
213,48.249671936035156,33.45849609375
214,48.345191955566406,33.422325134277344
215,48.106781005859375,33.358489990234375
216,51.289459228515625,33.8947639465332
217,48.8199462890625,33.51174545288086
218,53.15454864501953,34.67892837524414
219,53.05131530761719,34.42668914794922
220,52.630836486816406,33.284847259521484
221,47.944637298583984,34.464908599853516
222,46.78057098388672,32.69670867919922
223,47.0311393737793,32.61677551269531
224,51.12161636352539,33.070796966552734
225,39.01679611206055,31.487167358398438
226,37.32306671142578,30.333148956298828
227,37.00651550292969,30.505178451538086
228,44.3431510925293,27.52151107788086
229,44.3580207824707,33.143863677978516
230,51.533302307128906,33.01518249511719
231,39.284034729003906,31.39225959777832
232,31.329917907714844,30.117219924926758
233,33.69825744628906,28.32879638671875
234,33.51128387451172,28.34596824645996
235,36.76040267944336,29.75624656677246
236,41.532901763916016,26.01863670349121
237,37.586116790771484,30.164487838745117
238,37.78767395019531,30.39761734008789
239,39.06346893310547,29.459880828857422
240,40.67825698852539,29.337629318237305
241,40.68449020385742,29.330947875976562
242,47.92224884033203,29.88853645324707
243,48.22869873046875,31.20359230041504
244,47.037967681884766,31.165748596191406
245,53.13248062133789,32.692283630371094
246,49.07094955444336,30.5423526763916
247,49.1080322265625,30.671842575073242
248,49.42652130126953,30.364154815673828
249,48.79573059082031,30.26980209350586
250,49.223270416259766,29.951425552368164
251,49.27251434326172,29.993610382080078
252,48.28936004638672,29.686641693115234
253,40.96397018432617,18.27294158935547
254,50.025169372558594,11.87100601196289
255,49.517356872558594,11.44456958770752
256,43.18170166015625,15.288383483886719
257,46.48899841308594,12.847030639648438
258,57.50452423095703,8.415721893310547
259,50.67405319213867,11.435815811157227
260,48.16511154174805,13.512187957763672
261,42.40522766113281,14.735265731811523
262,43.29651641845703,14.951961517333984
263,41.867923736572266,14.83612060546875
264,42.176212310791016,14.502174377441406
265,42.28483581542969,13.534019470214844
266,42.06901168823242,13.624452590942383
267,40.419517517089844,13.946951866149902
268,42.18528366088867,13.106948852539062
269,43.291534423828125,13.338096618652344
270,46.99736022949219,11.17047119140625
271,48.392738342285156,11.167388916015625
272,41.093360900878906,10.409419059753418
273,45.77663040161133,11.825273513793945
274,44.537696838378906,11.846292495727539
275,45.08938217163086,12.146941184997559
276,45.13309097290039,11.814126014709473
277,44.78179168701172,12.826972961425781
278,45.97697448730469,11.802046775817871
279,42.99740219116211,12.324337005615234
280,43.003883361816406,12.25615406036377
281,42.35395050048828,10.97083568572998
282,50.17273712158203,7.533230781555176
283,61.9646110534668,13.914813995361328
284,60.42291259765625,14.874940872192383
285,60.5555419921875,16.784982681274414
286,59.33307647705078,17.052734375
287,53.098541259765625,15.733970642089844
288,48.50927734375,15.101836204528809
289,53.071903228759766,7.401053428649902
290,52.23606872558594,9.584298133850098
291,55.81435775756836,8.420294761657715
292,59.462608337402344,8.906807899475098
293,54.97148132324219,13.790523529052734
294,51.0954704284668,13.296056747436523
295,53.93241500854492,14.060579299926758
296,52.442569732666016,12.709518432617188
297,50.403228759765625,15.417754173278809
298,50.260902404785156,15.575836181640625
299,51.4036979675293,11.479598045349121
300,52.698055267333984,12.187360763549805
301,53.49273681640625,11.262876510620117
302,53.2041130065918,11.501503944396973
303,54.85425567626953,10.487269401550293
304,47.9959716796875,12.285046577453613
305,41.92903518676758,20.639781951904297
306,52.44961166381836,17.788799285888672
307,50.035247802734375,18.112462997436523
308,50.371559143066406,18.47824478149414
309,52.51859664916992,13.9703950881958
310,53.031837463378906,12.356511116027832
311,54.76087951660156,8.453330039978027
312,51.278045654296875,10.132741928100586
313,40.326759338378906,6.917957305908203
314,35.537052154541016,10.507494926452637
315,36.79716491699219,13.199750900268555
316,39.647552490234375,10.43718147277832
317,39.90367889404297,11.632526397705078
318,46.67625427246094,9.981375694274902
319,45.6620979309082,10.5988187789917
320,44.8204231262207,9.75535774230957
321,44.82417678833008,9.747329711914062
322,39.222999572753906,11.150177001953125
323,49.14153289794922,6.0239949226379395
324,52.308837890625,5.316306114196777
325,47.4088134765625,9.37814998626709
326,59.03568649291992,4.106405258178711
327,49.41229248046875,7.858032703399658
328,48.925262451171875,7.762019634246826
329,51.03361511230469,8.282526969909668
330,51.20118713378906,7.971704959869385
331,58.7232551574707,4.873159885406494
332,58.582183837890625,5.60520601272583
333,51.682132720947266,8.22888469696045
334,50.74830627441406,8.304376602172852
335,50.652278900146484,8.785216331481934
336,58.403411865234375,6.67278528213501
337,57.807762145996094,5.510833740234375
338,51.34931182861328,8.952630996704102
339,51.35114669799805,8.949224472045898
340,55.678287506103516,11.33279037475586
341,52.177452087402344,11.80458927154541
342,51.87885284423828,10.436150550842285
343,46.08475112915039,6.422208786010742
344,47.805686950683594,8.603805541992188
345,51.57848358154297,9.079520225524902
346,50.64113998413086,10.299897193908691
347,46.370391845703125,12.829177856445312
348,49.94000244140625,13.490922927856445
349,50.09337615966797,13.431977272033691
350,58.072086334228516,9.405714988708496
351,50.50228500366211,12.719701766967773
352,50.09346008300781,11.580016136169434
353,48.687442779541016,11.645613670349121
354,48.475730895996094,9.892261505126953
355,51.2186279296875,9.671807289123535
356,51.41984558105469,9.512674331665039
357,48.15019989013672,9.170040130615234
358,48.45773696899414,9.283758163452148
359,48.67909240722656,9.377835273742676
360,51.39327621459961,11.013315200805664
361,51.14458465576172,11.06423568725586
362,46.70128631591797,11.96813678741455
363,46.449859619140625,11.903101921081543
364,50.38426208496094,9.855623245239258
365,50.283668518066406,10.112569808959961
366,50.285030364990234,10.112899780273438
367,49.81135559082031,10.415145874023438
368,49.79734802246094,13.135557174682617
369,51.45747375488281,12.01015567779541
370,50.970149993896484,12.543846130371094
371,49.107521057128906,15.516289710998535
372,49.44065856933594,14.898008346557617
373,42.77263641357422,3.111684799194336
374,39.9174919128418,-0.8350955247879028
375,39.99382781982422,1.763311505317688
376,40.76826095581055,5.714240074157715
377,38.98912811279297,7.9559173583984375
378,44.07758331298828,7.784455299377441
379,46.98063659667969,8.588200569152832
380,48.960716247558594,8.547052383422852
381,47.66414260864258,8.730860710144043
382,54.69913101196289,8.282624244689941
383,62.310848236083984,5.220788478851318
384,44.55728530883789,9.385825157165527
385,50.82093811035156,7.186972141265869
386,43.533329010009766,10.561506271362305
387,49.48338317871094,3.819326639175415
388,36.003395080566406,18.09735870361328
389,45.35374450683594,16.100893020629883
390,45.88319778442383,16.47715950012207
391,49.5474853515625,15.674318313598633
392,47.812191009521484,15.692185401916504
393,41.66038131713867,17.36870574951172
394,45.624794006347656,14.086496353149414
395,50.654109954833984,15.76738166809082
396,45.44168472290039,15.029219627380371
397,42.832942962646484,13.840599060058594
398,37.31468963623047,13.661188125610352
399,44.44569396972656,14.357221603393555
400,49.39703369140625,15.225922584533691
401,48.512210845947266,14.79162311553955
402,49.23396301269531,13.189846992492676
403,49.59925842285156,13.23479175567627
404,42.44618225097656,12.515990257263184
405,45.27949905395508,12.174089431762695
406,44.38658905029297,12.22998046875
407,45.531497955322266,12.128044128417969
408,42.89796447753906,12.171566009521484
409,44.38907241821289,12.077311515808105
410,41.9731559753418,11.713592529296875
411,43.40919876098633,13.073127746582031
412,43.628543853759766,14.319225311279297
413,44.42631149291992,13.384330749511719
414,51.32037353515625,14.264516830444336
415,50.087562561035156,13.959914207458496
416,50.08753204345703,13.959918022155762
417,37.117958068847656,20.507539749145508
418,36.090206146240234,16.014423370361328
419,44.47922134399414,15.783859252929688
420,43.65391159057617,15.849963188171387
421,38.63237380981445,16.467632293701172
422,38.49602508544922,16.425113677978516
423,44.67720031738281,14.82414722442627
424,41.07230758666992,14.257827758789062
425,45.9715690612793,15.121291160583496
426,54.64391326904297,13.02298355102539
427,52.96818542480469,15.03333854675293
428,53.069236755371094,15.085413932800293
429,54.175682067871094,16.312074661254883
430,48.548797607421875,15.746389389038086
431,48.54043960571289,15.737260818481445
432,47.79138946533203,15.617255210876465
433,46.78654098510742,16.0164737701416
434,44.08501052856445,19.202383041381836
435,46.0605583190918,22.441055297851562
436,43.95257568359375,20.80976104736328
437,53.70498275756836,15.315570831298828
438,48.68581771850586,14.456652641296387
439,48.68581771850586,14.456652641296387
440,48.6009635925293,14.448192596435547
441,45.20021057128906,14.82125186920166
442,47.62067413330078,15.059074401855469
443,47.819541931152344,15.118217468261719
444,47.462955474853516,15.194141387939453
445,46.403480529785156,15.257467269897461
446,47.88470458984375,15.38491439819336
447,48.00609588623047,15.893524169921875
448,49.376548767089844,17.564090728759766
449,52.444541931152344,18.134733200073242
450,54.63798904418945,23.315250396728516
451,56.71626663208008,19.833654403686523
452,52.271820068359375,16.276592254638672
453,52.207088470458984,16.269685745239258
454,52.13023376464844,15.718423843383789
455,49.358665466308594,14.061306953430176
456,51.987548828125,15.445023536682129
457,47.95811080932617,13.93637752532959
458,48.02136993408203,13.225264549255371
459,51.24526596069336,16.72640037536621
460,51.36961364746094,16.83159828186035
461,51.069393157958984,17.388147354125977
462,58.31739044189453,17.94654083251953
463,51.612815856933594,18.806703567504883
464,51.667503356933594,18.815134048461914
465,44.9224853515625,16.756572723388672
466,45.5241584777832,17.04262351989746
467,40.24036407470703,16.504127502441406
468,44.291038513183594,16.82793426513672
469,43.59268569946289,16.181472778320312
470,43.01218032836914,16.48549461364746
471,16.797319412231445,26.72779655456543
472,27.108078002929688,24.650962829589844
473,28.3309268951416,22.886537551879883
474,27.224239349365234,23.82159423828125
475,27.054821014404297,25.301300048828125
476,25.924896240234375,26.11878776550293
477,25.097837448120117,28.107471466064453
478,25.311054229736328,28.106800079345703
479,37.932823181152344,25.66803741455078
480,40.65364456176758,23.112112045288086
481,40.60736083984375,23.249603271484375
482,40.30290603637695,23.580604553222656
483,34.8468017578125,29.45403289794922
484,37.39824295043945,23.60914421081543
485,38.21586990356445,24.3013858795166
486,36.928138732910156,24.94632911682129
487,33.493202209472656,24.439620971679688
488,33.50707244873047,24.45052719116211
489,33.50703430175781,24.450532913208008
490,33.41274642944336,24.499055862426758
491,32.4431266784668,24.42106056213379
492,25.10706901550293,22.685842514038086
493,27.166309356689453,23.798770904541016
494,29.385448455810547,23.7647762298584
495,34.470680236816406,24.351696014404297
496,31.0915470123291,28.844017028808594
497,30.38405418395996,27.224430084228516
498,30.38823699951172,28.06159782409668
499,31.445789337158203,28.330692291259766
500,33.014217376708984,28.589887619018555
501,33.41461181640625,22.79549217224121
502,37.6731071472168,24.128520965576172
503,35.232295989990234,25.890363693237305
504,36.17535400390625,24.940162658691406
505,34.49001693725586,27.052200317382812
506,27.074909210205078,28.117137908935547
507,28.08710479736328,28.76603126525879
508,23.474651336669922,37.306060791015625
509,27.006202697753906,30.812955856323242
510,25.622840881347656,29.325580596923828
511,24.978412628173828,29.823593139648438
512,26.074527740478516,30.083009719848633
513,29.329280853271484,31.890073776245117
514,30.894798278808594,31.068065643310547
515,29.858688354492188,31.526498794555664
516,31.196273803710938,31.353652954101562
517,35.27975082397461,29.954139709472656
518,36.905914306640625,30.601198196411133
519,38.37678527832031,29.79671859741211
520,40.80951690673828,28.485990524291992
521,41.429779052734375,28.480072021484375
522,41.43543243408203,29.07678985595703
523,43.2484130859375,29.108638763427734
524,41.801612854003906,27.57750129699707
525,44.30122756958008,27.601224899291992
526,41.13121795654297,30.088212966918945
527,35.871089935302734,29.347068786621094
528,35.837093353271484,29.16628646850586
529,35.80857849121094,29.14747428894043
530,35.41527557373047,29.34624671936035
531,46.0599479675293,24.73859214782715
532,41.409576416015625,25.834835052490234
533,40.984806060791016,24.695383071899414
534,39.01506805419922,23.228492736816406
535,38.17768096923828,24.455543518066406
536,38.414005279541016,23.133378982543945
537,40.012733459472656,23.40741539001465
538,41.55232238769531,22.02963638305664
539,42.10667037963867,22.07206916809082
540,41.36967086791992,22.57841682434082
541,40.306602478027344,23.33576202392578
542,40.900516510009766,24.533056259155273
543,40.33198547363281,25.5274600982666
544,31.710773468017578,32.12307357788086
545,35.97422790527344,28.618505477905273
546,36.28280258178711,28.317136764526367
547,29.27581787109375,28.64156723022461
548,34.888397216796875,28.7371883392334
549,36.39560317993164,28.77790641784668
550,41.58990478515625,28.690675735473633
551,41.32086944580078,28.962190628051758
552,41.942909240722656,29.438690185546875
553,42.88067626953125,28.281892776489258
554,42.563720703125,27.461034774780273
555,42.581878662109375,26.687942504882812
556,44.1884651184082,24.883169174194336
557,42.107730865478516,25.829845428466797
558,43.89396667480469,25.1370849609375
559,41.789527893066406,25.4002685546875
560,45.52666091918945,24.581207275390625
561,43.17212677001953,23.380767822265625
562,44.56713104248047,23.057537078857422
563,43.063438415527344,23.81757926940918
564,43.01646423339844,23.806900024414062
565,44.05017852783203,24.328304290771484
566,36.385520935058594,24.34830093383789
567,31.8988037109375,24.438037872314453
568,34.47517776489258,25.18114471435547
569,36.69578552246094,25.541458129882812
570,36.98217010498047,27.17719078063965
571,35.5881462097168,31.667736053466797
572,38.68978500366211,27.264978408813477
573,40.5140380859375,26.22646713256836
574,36.9453125,27.181354522705078
575,36.289039611816406,28.39354133605957
576,37.165279388427734,28.13681411743164
577,36.30107879638672,29.542394638061523
578,36.88547134399414,28.590036392211914
579,36.96470260620117,26.670961380004883
580,35.02618408203125,27.878206253051758
581,38.152957916259766,24.686094284057617
582,31.146621704101562,30.83599853515625
583,31.153064727783203,30.841215133666992
584,29.166885375976562,31.501672744750977
585,29.233083724975586,31.513656616210938
586,29.561229705810547,31.54607582092285
587,29.62937355041504,31.335350036621094
588,33.325191497802734,30.246816635131836
589,36.54996871948242,30.30021858215332
590,37.71913528442383,29.19159507751465
591,52.09601974487305,21.92681312561035
592,49.887413024902344,21.50556182861328
593,49.70695877075195,20.23509979248047
594,52.35128402709961,18.792646408081055
595,53.06433868408203,17.89268684387207
596,53.745643615722656,18.238365173339844
597,50.99146270751953,17.115463256835938
598,47.05495834350586,22.055696487426758
599,45.16990280151367,21.757997512817383
600,44.637420654296875,23.101524353027344
601,39.20921325683594,24.178625106811523
602,39.213619232177734,24.204355239868164
603,39.21934509277344,24.203399658203125
604,39.003662109375,24.256776809692383
605,39.68337631225586,17.148340225219727
606,38.96843719482422,17.11933708190918
607,38.165863037109375,16.46015167236328
608,38.67787170410156,16.080732345581055
609,38.330772399902344,16.584318161010742
610,39.54136276245117,16.400436401367188
611,40.85586166381836,17.059316635131836
612,39.54960632324219,17.131004333496094
613,40.6923713684082,16.608909606933594
614,38.51797103881836,16.386690139770508
615,44.005760192871094,17.951093673706055
616,43.34394073486328,18.593965530395508
617,43.05022430419922,19.223377227783203
618,37.80147933959961,18.356163024902344
619,37.58073806762695,19.363412857055664
620,43.84956359863281,19.984601974487305
621,40.62639236450195,19.556278228759766
622,40.40668869018555,19.670101165771484
623,44.971431732177734,20.5877628326416
624,44.697967529296875,20.663591384887695
625,39.83624267578125,19.88250160217285
626,40.25396728515625,20.033214569091797
627,40.96227264404297,19.475948333740234
628,40.68360900878906,19.23954963684082
629,40.556007385253906,20.168142318725586
630,45.77006912231445,20.976104736328125
631,40.26185989379883,19.68375587463379
632,41.26396942138672,18.61216926574707
633,41.35313034057617,18.685626983642578
634,44.20826721191406,19.719038009643555
635,49.304203033447266,29.946083068847656
636,43.63621139526367,27.668704986572266
637,42.868431091308594,29.382915496826172
638,43.15217590332031,26.516054153442383
639,42.045597076416016,26.43290901184082
640,43.95956039428711,25.030241012573242
641,43.63416290283203,23.93754768371582
642,48.394683837890625,22.75682830810547
643,44.92690658569336,20.76937484741211
644,44.7714958190918,20.799617767333984
645,43.48106384277344,18.94623565673828
646,45.17766571044922,18.677398681640625
647,48.27711486816406,19.334369659423828
648,46.289344787597656,19.30624008178711
649,43.35840606689453,19.409809112548828
650,43.50444412231445,19.463741302490234
651,49.172340393066406,16.79606056213379
652,46.844566345214844,14.376840591430664
653,45.599727630615234,13.246441841125488
654,43.677528381347656,12.843062400817871
655,43.76631164550781,12.837626457214355
656,43.32176208496094,12.579517364501953
657,43.025299072265625,14.089357376098633
658,41.297916412353516,14.535429000854492
659,39.52064895629883,14.609729766845703
660,39.54511642456055,13.758663177490234
661,38.93634796142578,13.48530101776123
662,38.3925666809082,13.795241355895996
663,32.88566970825195,14.075296401977539
664,33.38153076171875,14.002962112426758
665,39.776832580566406,14.310454368591309
666,39.896583557128906,16.866405487060547
667,39.792945861816406,17.11217498779297
668,38.407264709472656,17.741371154785156
669,39.61567687988281,17.912090301513672
670,44.483360290527344,18.96114158630371
671,45.06648635864258,19.883502960205078
672,40.95848846435547,19.364791870117188
673,41.102935791015625,19.397279739379883
674,40.8724365234375,19.179677963256836
675,42.33622741699219,18.72496795654297
676,47.85908126831055,19.659303665161133
677,42.96686553955078,18.82135772705078
678,43.26083755493164,18.506759643554688
679,43.21041488647461,20.854026794433594
680,43.17386245727539,21.336917877197266
681,43.531028747558594,21.996295928955078
682,43.71113204956055,21.95409393310547
683,46.23463439941406,22.364654541015625
684,48.1071891784668,22.488056182861328
685,48.6275634765625,20.70111846923828
686,44.42619323730469,19.67991065979004
687,45.50254821777344,19.473207473754883
688,45.47032165527344,19.561552047729492
689,43.75086212158203,19.112825393676758
690,48.982154846191406,19.866357803344727
691,49.78618240356445,18.382373809814453
692,49.782501220703125,18.379465103149414
693,49.80427169799805,18.374359130859375
694,44.10553741455078,17.570154190063477
695,47.22020721435547,15.267983436584473
696,49.69955825805664,18.59801483154297
697,50.720794677734375,16.93975257873535
698,43.30707550048828,13.275598526000977
699,40.24671936035156,13.347884178161621
700,41.67784118652344,12.272944450378418
701,39.39038848876953,12.454668045043945
702,41.684566497802734,12.010408401489258
703,42.78763198852539,14.173233985900879
704,42.470184326171875,13.894749641418457
705,46.153709411621094,14.028779029846191
706,46.347412109375,12.88392448425293
707,46.65807342529297,14.39121150970459
708,45.90499496459961,13.581034660339355
709,45.33469772338867,13.488067626953125
710,53.04126739501953,12.4766263961792
711,53.08449172973633,12.009787559509277
712,54.38787841796875,12.98814868927002
713,53.42353439331055,13.940069198608398
714,51.941226959228516,12.751740455627441
715,48.89128112792969,9.910296440124512
716,49.77671813964844,9.444072723388672
717,53.601932525634766,12.027668952941895
718,51.78117752075195,10.732559204101562
719,48.835811614990234,10.984811782836914
720,53.85226821899414,11.85663890838623
721,52.40180969238281,13.207329750061035
722,47.278560638427734,12.390687942504883
723,47.29865264892578,11.66169548034668
724,50.946685791015625,12.740693092346191
725,45.449928283691406,15.016552925109863
726,54.30524826049805,16.79228973388672
727,51.645591735839844,17.411911010742188
728,47.340606689453125,19.634113311767578
729,46.63978958129883,20.341405868530273
730,45.55373764038086,20.442922592163086
731,44.58530044555664,20.22357177734375
732,40.686988830566406,19.528589248657227
733,32.349029541015625,19.541494369506836
734,38.43845748901367,20.32895851135254
735,37.21052551269531,21.100826263427734
736,35.81325149536133,21.15847396850586
737,42.69294357299805,21.02994728088379
738,40.069786071777344,20.55740737915039
739,45.03955078125,21.410194396972656
740,43.17186737060547,20.722543716430664
741,42.886348724365234,20.56114959716797
742,46.80420684814453,20.983827590942383
743,49.14768600463867,18.646121978759766
744,49.150638580322266,18.64531898498535
745,49.27136993408203,17.932716369628906
746,48.132572174072266,18.113819122314453
747,46.33659362792969,19.287731170654297
748,45.223541259765625,17.521060943603516
749,44.59549331665039,17.81972885131836
750,50.496124267578125,17.744548797607422
751,48.42253875732422,17.181310653686523
752,46.59253692626953,18.41097068786621
753,45.60264205932617,19.554508209228516
754,44.78620147705078,18.01677894592285
755,38.09941101074219,12.827376365661621
756,53.7437858581543,15.66251277923584
757,53.232818603515625,15.142332077026367
758,52.5859489440918,14.035869598388672
759,50.03867721557617,13.86824893951416
760,48.4564208984375,14.072542190551758
761,48.51372146606445,14.692094802856445
762,49.057647705078125,14.02823257446289
763,47.60990905761719,14.205798149108887
764,48.514617919921875,14.589795112609863
765,45.53126525878906,14.12961196899414
766,50.933189392089844,15.404413223266602
767,46.25007247924805,14.568770408630371
768,50.35319900512695,16.49894905090332
769,45.292354583740234,16.464527130126953
770,46.03691864013672,16.676332473754883
771,46.31245422363281,16.98088836669922
772,46.61998748779297,17.17071533203125
773,46.04598617553711,17.57697868347168
774,44.444732666015625,19.33991050720215
775,45.579341888427734,19.135290145874023
776,46.01953887939453,16.941905975341797
777,44.177696228027344,16.46915054321289
778,49.148155212402344,17.31371307373047
779,47.34455108642578,17.520980834960938
780,47.730918884277344,17.812862396240234
781,45.996517181396484,18.002931594848633
782,45.88741683959961,19.991016387939453
783,46.62761688232422,19.97850799560547
784,46.92761993408203,19.992589950561523
785,44.138301849365234,18.94998550415039
786,50.81291961669922,18.682485580444336
787,52.17472457885742,19.100969314575195
788,46.463035583496094,18.54280662536621
789,45.748477935791016,18.708515167236328
790,46.57462692260742,18.703481674194336
791,46.47563171386719,18.740421295166016
792,43.73050308227539,19.604923248291016
793,39.6402587890625,19.646839141845703
794,39.533443450927734,19.374740600585938
795,32.372169494628906,18.655113220214844
796,34.858489990234375,18.587574005126953
797,32.633480072021484,18.371013641357422
798,38.224830627441406,20.14385223388672
799,38.30564880371094,20.056873321533203
800,43.19316864013672,20.9152774810791
801,43.37488555908203,20.884201049804688
802,43.86998748779297,20.3875789642334
803,43.39162826538086,20.203079223632812
804,43.39155578613281,20.20315170288086
805,43.01695251464844,20.25341033935547
806,42.94486618041992,20.268646240234375
807,42.88459396362305,20.340444564819336
808,43.72100067138672,20.72822380065918
809,48.835166931152344,21.34077262878418
810,48.289146423339844,21.4493408203125
811,43.33811950683594,20.5867862701416
812,43.338531494140625,20.58685874938965
813,48.23896789550781,21.426424026489258
814,43.301483154296875,20.56015968322754
815,43.301483154296875,20.56015968322754
816,41.98950958251953,22.070648193359375
817,34.81916046142578,21.348997116088867
818,42.375125885009766,19.03209114074707
819,39.65972137451172,21.18624496459961
820,49.39002227783203,20.858417510986328
821,41.9473991394043,21.742107391357422
822,45.45576477050781,23.7606143951416
823,45.13908004760742,23.91330909729004
824,44.860252380371094,22.855236053466797
825,51.00213623046875,23.477920532226562
826,46.05789566040039,22.61329460144043
827,46.057945251464844,22.613584518432617
828,50.97446823120117,23.475879669189453
829,46.009979248046875,22.608631134033203
830,50.953521728515625,23.4759521484375
831,45.24246597290039,22.020719528198242
832,44.95404815673828,21.99118995666504
833,43.9130744934082,21.893692016601562
834,43.47446823120117,21.861709594726562
835,38.403228759765625,21.466392517089844
836,44.6686897277832,22.08928108215332
837,44.647178649902344,22.090049743652344
838,42.97600555419922,24.107789993286133
839,42.00435256958008,24.307523727416992
840,41.97455596923828,25.561954498291016
841,45.01094436645508,24.191524505615234
842,45.0108757019043,24.191524505615234
843,49.96222686767578,25.06022834777832
844,45.01156234741211,24.191631317138672
845,45.01156234741211,24.191631317138672
846,45.736175537109375,18.051925659179688
847,49.95061492919922,21.744279861450195
848,47.0114860534668,21.05725860595703
849,38.26654815673828,20.54047203063965
850,38.24041748046875,20.54482650756836
851,37.50602722167969,20.388084411621094
852,42.72669982910156,19.494539260864258
853,42.80451202392578,19.50348663330078
854,42.79492950439453,19.546995162963867
855,42.42902374267578,19.96055793762207
856,42.468414306640625,19.97701072692871
857,42.75792694091797,19.745180130004883
858,42.738956451416016,19.731496810913086
859,39.04304122924805,20.8438663482666
860,39.44505310058594,20.885108947753906
861,37.995967864990234,22.61420249938965
862,42.340492248535156,23.695674896240234
863,37.79877471923828,22.90564727783203
864,37.18492126464844,24.472919464111328
865,43.324127197265625,24.474777221679688
866,42.27495193481445,25.30729103088379
867,36.87287139892578,26.67099952697754
868,50.232017517089844,25.33933448791504
869,45.33368682861328,24.46039390563965
870,45.33368682861328,24.46039390563965
871,48.94578552246094,25.056669235229492
872,49.547096252441406,25.069555282592773
873,50.29389953613281,25.22455406188965
874,45.343650817871094,24.356054306030273
875,45.11695098876953,24.333274841308594
876,36.345863342285156,23.952796936035156
877,38.30146408081055,22.149364471435547
878,44.462486267089844,21.104721069335938
879,38.583221435546875,20.806041717529297
880,44.954410552978516,20.95551300048828
881,44.70838928222656,21.0145263671875
882,44.55856704711914,21.126846313476562
883,44.55918884277344,21.12640380859375
884,45.2259407043457,20.834068298339844
885,44.29395294189453,21.921918869018555
886,45.16471481323242,21.719528198242188
887,44.79289245605469,21.86142349243164
888,44.96986770629883,21.780160903930664
889,44.97117614746094,21.750160217285156
890,44.9711799621582,21.750160217285156
891,45.35118103027344,21.342012405395508
892,46.21754455566406,22.57495880126953
893,46.169227600097656,22.62782096862793
894,47.16011047363281,22.052221298217773
895,48.6087646484375,22.213741302490234
896,48.159812927246094,22.491918563842773
897,48.117279052734375,22.48731231689453
898,45.64314270019531,22.089384078979492
899,46.29905319213867,22.5146427154541
900,46.90739440917969,22.30128288269043
901,46.82209777832031,22.325565338134766
902,41.849578857421875,21.438251495361328
903,41.84446716308594,21.440767288208008
904,42.2496223449707,21.02379608154297
905,42.249916076660156,21.025135040283203
906,43.06510925292969,25.075048446655273
907,37.030189514160156,25.656503677368164
908,35.686180114746094,24.814292907714844
909,35.71281814575195,24.807132720947266
910,35.73711395263672,24.811492919921875
911,36.991844177246094,25.03618621826172
912,40.699790954589844,25.688444137573242
913,35.95672607421875,24.942989349365234
914,38.01780700683594,26.19608497619629
915,43.709228515625,27.60252571105957
916,42.109275817871094,29.07594871520996
917,41.90351867675781,29.935138702392578
918,44.21176528930664,30.6875
919,46.6551513671875,31.619539260864258
920,44.267574310302734,30.96516990661621
921,44.152870178222656,30.945327758789062
922,41.5013542175293,31.378997802734375
923,41.72722244262695,30.930503845214844
924,41.806785583496094,31.043149948120117
925,41.939029693603516,30.99570083618164
926,41.8354377746582,31.065759658813477
927,41.8358268737793,31.065723419189453
928,41.792572021484375,31.042940139770508
929,47.43254852294922,32.451053619384766
930,42.41822052001953,31.57590103149414
931,42.414520263671875,31.57502555847168
932,42.411399841308594,31.57482147216797
933,39.69438934326172,31.303735733032227
934,40.012657165527344,32.82447814941406
935,40.33906936645508,31.846540451049805
936,33.08918380737305,25.81045913696289
937,31.50444984436035,23.406816482543945
938,36.606834411621094,25.837127685546875
939,40.132957458496094,22.05999183654785
940,40.12055206298828,22.081281661987305
941,36.732887268066406,22.7287654876709
942,38.18245315551758,21.24058723449707
943,39.22484588623047,21.60478401184082
944,36.599525451660156,24.355056762695312
945,36.29511260986328,24.517578125
946,36.85007095336914,23.109392166137695
947,38.43877410888672,23.41348648071289
948,31.277503967285156,22.693870544433594
949,31.277503967285156,22.693870544433594
950,38.43878173828125,23.413494110107422
951,38.666805267333984,23.171987533569336
952,38.66695785522461,23.171964645385742
953,31.756858825683594,22.489215850830078
954,31.756858825683594,22.489215850830078
955,31.756868362426758,22.489215850830078
956,38.91881561279297,23.20870590209961
957,38.91881561279297,23.20870590209961
958,38.91706085205078,23.208993911743164
959,31.80557632446289,22.590152740478516
960,38.4538459777832,23.24694061279297
961,38.4604606628418,23.25183868408203
962,45.57908630371094,26.516756057739258
963,45.580078125,26.517108917236328
964,41.47291564941406,26.253684997558594
965,41.445919036865234,26.419940948486328
966,41.055580139160156,29.57317352294922
967,41.28496551513672,29.219205856323242
968,51.868988037109375,32.43134307861328
969,46.58344268798828,31.559589385986328
970,46.29420471191406,33.289302825927734
971,43.47723388671875,32.76094055175781
972,45.912689208984375,31.769306182861328
973,42.12766647338867,32.05044174194336
974,44.16851043701172,30.860645294189453
975,45.65400695800781,25.234167098999023
976,45.65400695800781,25.234167098999023
977,50.60535430908203,26.102867126464844
978,50.60535430908203,26.102867126464844
979,50.6053581237793,26.102867126464844
980,50.629825592041016,26.079116821289062
981,50.603904724121094,26.07314682006836
982,48.0397834777832,26.006874084472656
983,47.9576530456543,25.67473793029785
984,51.31161117553711,25.927139282226562
985,50.443023681640625,26.42802619934082
986,51.13052749633789,25.88714599609375
987,51.13053894042969,25.887142181396484
988,46.17918014526367,25.018444061279297
989,46.124534606933594,25.07745361328125
990,51.13532638549805,25.887191772460938
991,46.1839714050293,25.018491744995117
992,46.1839714050293,25.018491744995117
993,46.1839714050293,25.018491744995117
994,39.04192352294922,27.714401245117188
995,41.16134262084961,26.87215232849121
996,48.38629150390625,27.96866798400879
997,44.87068557739258,29.95737648010254
998,46.28616714477539,33.997188568115234
999,51.71983337402344,37.53017044067383
1000,50.43056869506836,37.3111457824707
1001,46.93962860107422,35.98773956298828
1002,45.07090759277344,36.63596725463867
1003,43.725341796875,35.80434799194336
1004,42.736812591552734,35.231285095214844
1005,41.43492889404297,35.945926666259766
1006,41.28287887573242,34.51557159423828
1007,40.402496337890625,34.506805419921875
1008,40.05984878540039,34.201751708984375
1009,43.382469177246094,30.25282859802246
1010,43.402828216552734,30.28297233581543
1011,48.045536041259766,31.340364456176758
1012,48.38631057739258,30.974292755126953
1013,43.352081298828125,30.14504623413086
1014,43.350101470947266,30.15878677368164
1015,43.230690002441406,30.21898651123047
1016,48.5877571105957,30.714433670043945
1017,49.185302734375,30.489839553833008
1018,48.704837799072266,31.121614456176758
1019,41.05500793457031,33.31672668457031
1020,46.005271911621094,34.185245513916016
1021,39.281455993652344,32.1109733581543
1022,39.2813720703125,32.11094284057617
1023,32.12009811401367,31.391319274902344
1024,31.582393646240234,27.615623474121094
1025,32.933067321777344,28.06014633178711
1026,33.707969665527344,30.205062866210938
1027,33.378273010253906,29.866762161254883
1028,34.82769775390625,27.270503997802734
1029,35.468326568603516,27.84669303894043
1030,37.03844451904297,25.15970230102539
1031,36.39881896972656,24.978137969970703
1032,33.529170989990234,25.57672882080078
1033,33.34569549560547,26.599618911743164
1034,31.479177474975586,24.248388290405273
1035,30.82452392578125,28.682479858398438
1036,31.139650344848633,26.583208084106445
1037,31.60068130493164,25.385334014892578
1038,31.050201416015625,25.755586624145508
1039,34.44700241088867,29.3336181640625
1040,43.7819709777832,30.371292114257812
1041,45.73133087158203,28.76738739013672
1042,46.818424224853516,27.718961715698242
1043,52.674896240234375,30.970848083496094
1044,53.07674026489258,30.74806785583496
1045,53.34293746948242,30.505943298339844
1046,54.461978912353516,29.181324005126953
1047,53.282928466796875,28.46404266357422
1048,53.317237854003906,26.805023193359375
1049,51.52561950683594,26.07697868347168
1050,50.51231002807617,25.523855209350586
1051,48.44232177734375,25.865215301513672
1052,47.93305206298828,26.330385208129883
1053,49.90913772583008,27.211990356445312
1054,44.96186828613281,21.232309341430664
1055,47.91518783569336,22.495361328125
1056,51.89000701904297,24.618104934692383
1057,52.54402160644531,26.131755828857422
1058,49.01939010620117,27.188106536865234
1059,51.619930267333984,28.397445678710938
1060,53.701969146728516,29.30340003967285
1061,47.21296310424805,26.205854415893555
1062,40.077823638916016,25.48891830444336
1063,34.02732467651367,21.616003036499023
1064,33.338294982910156,21.194704055786133
1065,36.27973175048828,23.144081115722656
1066,30.83449363708496,21.810556411743164
1067,29.509973526000977,27.030593872070312
1068,31.98925018310547,27.282007217407227
1069,32.58474349975586,32.513771057128906
1070,32.60051727294922,29.637065887451172
1071,34.05513000488281,27.566375732421875
1072,34.556522369384766,27.451791763305664
1073,34.98185729980469,24.914020538330078
1074,33.589473724365234,25.59641456604004
1075,31.763263702392578,26.887849807739258
1076,31.751407623291016,28.228931427001953
1077,32.290283203125,27.886672973632812
1078,34.083038330078125,25.643911361694336
1079,32.48806381225586,28.312957763671875
1080,30.76807975769043,26.796506881713867
1081,33.440185546875,28.554384231567383
1082,30.93279266357422,27.310504913330078
1083,31.860443115234375,28.262802124023438
1084,33.08921432495117,25.81019401550293
1085,39.159820556640625,26.29916763305664
1086,42.85560607910156,25.82888412475586
1087,47.86678695678711,26.175785064697266
1088,42.923072814941406,25.315765380859375
1089,48.12700271606445,26.325292587280273
1090,46.76163101196289,26.982498168945312
1091,47.68480682373047,26.694154739379883
1092,46.358699798583984,28.110803604125977
1093,45.63604736328125,28.511768341064453
1094,45.348148345947266,28.346906661987305
1095,46.18962097167969,27.704605102539062
1096,46.685272216796875,27.1795597076416
1097,45.35469436645508,27.315969467163086
1098,46.28019714355469,27.170616149902344
1099,46.09373474121094,27.00926399230957
1100,48.36574172973633,27.506587982177734
1101,48.1767692565918,26.77582550048828
1102,47.94757843017578,26.015045166015625
1103,51.465335845947266,25.88220977783203
1104,51.4654541015625,25.882078170776367
1105,53.05659866333008,25.937274932861328
1106,48.10560607910156,25.068635940551758
1107,40.94462966918945,24.349040985107422
1108,38.885658264160156,22.953100204467773
1109,39.261024475097656,23.019683837890625
1110,39.5756950378418,23.050865173339844
1111,38.70641326904297,23.308624267578125
1112,36.84059524536133,27.826745986938477
1113,35.87340545654297,28.509380340576172
1114,29.065732955932617,27.40525245666504
1115,30.919513702392578,28.357702255249023
1116,33.33405303955078,28.358112335205078
1117,32.03199768066406,32.467613220214844
1118,31.06215476989746,31.66875648498535
1119,31.513935089111328,28.765682220458984
1120,29.96072769165039,29.104673385620117
1121,28.28202247619629,28.22873306274414
1122,28.28573226928711,27.078832626342773
1123,29.545902252197266,28.885412216186523
1124,29.5458984375,28.88541603088379
1125,32.96664810180664,29.14621925354004
1126,39.577491760253906,30.80905532836914
1127,39.69390106201172,30.760276794433594
1128,40.5020866394043,30.898916244506836
1129,35.297119140625,29.85785484313965
1130,40.71439743041992,30.725309371948242
1131,40.88531494140625,30.844627380371094
1132,40.88896179199219,30.9709415435791
1133,36.144351959228516,30.115299224853516
1134,36.76605987548828,28.92742156982422
1135,38.11058044433594,28.639116287231445
1136,39.47911834716797,28.56498146057129
1137,39.46294403076172,28.374919891357422
1138,41.06244659423828,28.3105411529541
1139,41.30608367919922,28.28099822998047
1140,41.653770446777344,28.698665618896484
1141,42.1873664855957,27.889925003051758
1142,50.853614807128906,29.02008628845215
1143,52.25101089477539,27.91399383544922
1144,51.453094482421875,29.499773025512695
1145,54.50680160522461,29.91215705871582
1146,55.07170867919922,29.484540939331055
1147,53.39786911010742,31.46405029296875
1148,53.95954513549805,30.827064514160156
1149,49.325843811035156,34.070587158203125
1150,54.80024719238281,34.76177978515625
1151,52.333152770996094,34.9769287109375
1152,50.577396392822266,32.539161682128906
1153,49.34921646118164,31.320493698120117
1154,48.93539810180664,31.33412742614746
1155,50.653404235839844,28.500041961669922
1156,50.60918426513672,27.739145278930664
1157,49.33357620239258,30.723079681396484
1158,47.83039093017578,30.421489715576172
1159,48.04638671875,30.49283218383789
1160,48.666988372802734,29.731252670288086
1161,45.54996871948242,31.564603805541992
1162,45.43611145019531,31.29180908203125
1163,45.70301818847656,30.674715042114258
1164,43.684043884277344,30.06244468688965
1165,42.0230712890625,30.36955451965332
1166,41.786415100097656,28.45644187927246
1167,42.33916473388672,29.0756893157959
1168,42.168479919433594,30.701326370239258
1169,41.87944030761719,28.986148834228516
1170,41.951446533203125,29.89061164855957
1171,44.112220764160156,28.839712142944336
1172,43.38276672363281,23.18208122253418
1173,35.84553146362305,28.233366012573242
1174,36.76721954345703,31.110780715942383
1175,38.47244644165039,30.651290893554688
1176,43.51093673706055,30.15537452697754
1177,38.63337707519531,29.752941131591797
1178,36.36574172973633,30.537965774536133
1179,37.12316131591797,30.577468872070312
1180,40.12740707397461,29.9394474029541
1181,37.722206115722656,31.670146942138672
1182,37.00811004638672,31.491640090942383
1183,41.90328598022461,31.00009536743164
1184,41.448822021484375,32.42176818847656
1185,41.8721923828125,33.10890579223633
1186,42.8062744140625,32.12989807128906
1187,38.95210647583008,31.118385314941406
1188,45.867332458496094,32.13059616088867
1189,45.79685592651367,31.955551147460938
1190,40.93204879760742,31.120590209960938
1191,39.82295227050781,32.42072677612305
1192,39.2729377746582,32.600826263427734
1193,40.56740188598633,34.02256393432617
1194,42.661155700683594,33.31657409667969
1195,37.77227783203125,32.05495834350586
1196,42.972660064697266,33.279815673828125
1197,38.875205993652344,32.42807388305664
1198,39.12996292114258,31.801883697509766
1199,36.42390441894531,32.57804870605469
1200,36.54037094116211,30.809297561645508
1201,36.05458068847656,31.602022171020508
1202,35.67396545410156,25.5733585357666
1203,36.25950622558594,29.49106788635254
1204,33.946746826171875,28.88932228088379
1205,34.34068298339844,29.67154884338379
1206,34.02265548706055,29.06376075744629
1207,33.29106140136719,28.311208724975586
1208,32.34444046020508,30.92043113708496
1209,33.621742248535156,30.578323364257812
1210,33.80485916137695,30.79507827758789
1211,32.37767028808594,31.10655403137207
1212,38.534698486328125,30.44578742980957
1213,36.587188720703125,31.26573371887207
1214,31.17208480834961,31.823257446289062
1215,32.0407829284668,31.551368713378906
1216,32.08526611328125,31.574771881103516
1217,33.142295837402344,31.970958709716797
1218,33.6444091796875,32.25168991088867
1219,38.85764694213867,32.99636459350586
1220,34.045711517333984,32.15489196777344
1221,34.843299865722656,32.544376373291016
1222,39.829132080078125,32.70381164550781
1223,40.10491180419922,32.66907501220703
1224,40.71367263793945,32.387508392333984
1225,39.876731872558594,32.08171844482422
1226,40.117828369140625,31.243825912475586
1227,41.25804138183594,31.028717041015625
1228,42.13103485107422,30.909273147583008
1229,42.69943618774414,30.82657814025879
1230,42.751670837402344,30.693805694580078
1231,43.05412292480469,30.24645233154297
1232,47.88499450683594,29.341293334960938
1233,40.19139862060547,25.699848175048828
1234,47.713314056396484,25.65373420715332
1235,48.02436065673828,25.67232894897461
1236,47.8486442565918,24.637569427490234
1237,47.230628967285156,26.614299774169922
1238,49.7547721862793,27.240304946899414
1239,47.674922943115234,30.776527404785156
1240,46.1957893371582,30.362932205200195
1241,48.686012268066406,32.653053283691406
1242,43.92420959472656,32.325294494628906
1243,42.30568313598633,33.857723236083984
1244,41.72031021118164,33.52469253540039
1245,42.61143493652344,31.63385581970215
1246,38.81407165527344,29.813501358032227
1247,41.19133758544922,34.2626838684082
1248,29.147838592529297,33.106449127197266
1249,29.52175521850586,31.567047119140625
1250,29.330764770507812,33.18301010131836
1251,30.257526397705078,34.60650634765625
1252,28.412809371948242,33.868682861328125
1253,31.48603057861328,32.23368835449219
1254,32.117332458496094,31.19040298461914
1255,33.23320007324219,29.800809860229492
1256,30.32335662841797,32.796730041503906
1257,27.590106964111328,35.47736358642578
1258,29.129005432128906,35.17130661010742
1259,39.72437286376953,34.655487060546875
1260,35.59867858886719,33.83433151245117
1261,39.5745849609375,34.36294174194336
1262,41.941646575927734,30.108922958374023
1263,41.2327880859375,30.509519577026367
1264,41.39461898803711,28.298583984375
1265,36.53703689575195,29.286081314086914
1266,39.61418914794922,30.380043029785156
1267,39.624244689941406,28.132688522338867
1268,38.042930603027344,28.128389358520508
1269,35.622474670410156,26.3814697265625
1270,34.97870635986328,26.80784797668457
1271,32.15525817871094,28.956893920898438
1272,33.73326110839844,26.57169532775879
1273,34.35900115966797,26.154104232788086
1274,32.60674285888672,26.250701904296875
1275,32.65385055541992,26.25172996520996
1276,32.260406494140625,26.50057029724121
1277,30.455707550048828,26.608234405517578
1278,29.0706729888916,29.730283737182617
1279,30.18031120300293,29.842145919799805
1280,29.87685203552246,28.317991256713867
1281,29.74230194091797,29.242435455322266
1282,30.39219856262207,30.192407608032227
1283,29.044265747070312,31.586040496826172
1284,30.222888946533203,31.864267349243164
1285,31.84941864013672,30.319061279296875
1286,32.47351837158203,29.64336395263672
1287,33.09223556518555,28.62750816345215
1288,33.927513122558594,27.85548973083496
1289,34.12467575073242,27.509889602661133
1290,34.02582550048828,27.237112045288086
1291,34.07327651977539,27.732648849487305
1292,36.81977844238281,29.847043991088867
1293,35.25090026855469,30.782825469970703
1294,36.07761764526367,28.566179275512695
1295,38.201847076416016,29.804941177368164
1296,42.860103607177734,30.04413414001465
1297,44.043212890625,31.123258590698242
1298,45.998138427734375,31.020788192749023
1299,44.77939224243164,30.44215965270996
1300,42.966331481933594,32.01454544067383
1301,42.09781265258789,29.778318405151367
1302,43.655086517333984,28.852323532104492
1303,42.2270393371582,27.649707794189453
1304,42.14220428466797,28.812767028808594
1305,43.75493621826172,29.706480026245117
1306,44.30508041381836,28.332355499267578
1307,44.263099670410156,28.615137100219727
1308,41.52250289916992,30.92229461669922
1309,41.38302230834961,30.46293830871582
1310,40.957942962646484,28.62753677368164
1311,42.15497970581055,28.63859748840332
1312,43.473506927490234,29.65716552734375
1313,45.53099060058594,28.1070499420166
1314,44.06022644042969,30.5657958984375
1315,39.4295539855957,29.966053009033203
1316,39.911277770996094,30.019132614135742
1317,43.51946258544922,29.77752113342285
1318,44.807464599609375,28.16361427307129
1319,40.541236877441406,29.68627166748047
1320,42.2020263671875,29.30430030822754
1321,43.84253692626953,30.34625244140625
1322,40.5815315246582,30.043962478637695
1323,35.979820251464844,31.926456451416016
1324,34.88932800292969,33.03202438354492
1325,34.42953109741211,34.50954818725586
1326,35.6317138671875,32.99081039428711
1327,37.38666915893555,31.807373046875
1328,38.603851318359375,29.27924346923828
1329,42.39254379272461,32.326026916503906
1330,42.02771759033203,35.4664306640625
1331,50.28883361816406,30.529014587402344
1332,48.818206787109375,31.809417724609375
1333,39.47856903076172,34.82686996459961
1334,38.74654769897461,37.36705017089844
1335,38.749961853027344,34.6796989440918
1336,52.02874755859375,30.008636474609375
1337,44.89471435546875,35.96211624145508
1338,39.581321716308594,36.41181945800781
1339,35.622982025146484,36.42408752441406
1340,35.45704650878906,35.76145935058594
1341,35.764678955078125,35.80411148071289
1342,40.41290283203125,35.81547546386719
1343,35.71648406982422,34.98208236694336
1344,33.46561813354492,33.323673248291016
1345,33.58214569091797,31.338092803955078
1346,32.93054962158203,31.264314651489258
1347,33.33236312866211,30.905235290527344
1348,30.31490707397461,30.774982452392578
1349,29.75555419921875,29.844064712524414
1350,30.032596588134766,30.329578399658203
1351,30.019439697265625,30.179855346679688
1352,22.144479751586914,28.188587188720703
1353,22.358428955078125,27.210683822631836
1354,19.27741050720215,23.992855072021484
1355,20.263978958129883,24.145584106445312
1356,19.62525177001953,23.08161163330078
1357,19.637481689453125,26.20950698852539
1358,22.19457244873047,26.041879653930664
1359,21.47492218017578,25.520551681518555
1360,22.622570037841797,27.654495239257812
1361,22.319631576538086,27.821138381958008
1362,26.052719116210938,26.00210189819336
1363,21.927677154541016,26.925113677978516
1364,23.225927352905273,29.25237274169922
1365,25.62458038330078,27.161876678466797
1366,27.45753288269043,27.745962142944336
1367,27.396160125732422,29.016035079956055
1368,30.768604278564453,27.828449249267578
1369,28.98930549621582,30.910005569458008
1370,27.956539154052734,28.58912467956543
1371,34.980621337890625,30.164981842041016
1372,31.35236358642578,30.045730590820312
1373,32.43341827392578,30.521957397460938
1374,30.496063232421875,24.47193145751953
1375,28.296871185302734,23.498037338256836
1376,26.972736358642578,22.414710998535156
1377,23.180850982666016,29.73420524597168
1378,25.08892059326172,22.48310661315918
1379,28.510942459106445,25.016389846801758
1380,27.630516052246094,24.563533782958984
1381,25.136066436767578,23.58871078491211
1382,24.431671142578125,23.317174911499023
1383,24.51451873779297,23.11305046081543
1384,24.59241485595703,23.010303497314453
1385,24.709487915039062,22.890287399291992
1386,24.708871841430664,22.890703201293945
1387,25.069461822509766,25.650442123413086
1388,25.069427490234375,25.65044593811035
1389,25.062551498413086,25.648990631103516
1390,25.051250457763672,25.647916793823242
1391,25.061445236206055,25.617916107177734
1392,25.028371810913086,25.615591049194336
1393,25.651159286499023,27.00503158569336
1394,25.25141716003418,26.800161361694336
1395,25.203523635864258,26.846309661865234
1396,25.258121490478516,27.248220443725586
1397,24.00864028930664,26.38192367553711
1398,23.97457504272461,26.37146759033203
1399,23.19696807861328,26.498292922973633
1400,23.18682098388672,26.50046730041504
1401,23.042879104614258,27.033897399902344
1402,21.57634735107422,26.309343338012695
1403,22.845703125,20.68903160095215
1404,35.92738342285156,26.857547760009766
1405,29.795961380004883,23.50533676147461
1406,31.831344604492188,24.983200073242188
1407,31.800804138183594,24.976154327392578
1408,31.550426483154297,24.8763427734375
1409,31.512741088867188,24.848831176757812
1410,31.515926361083984,24.844594955444336
1411,31.974763870239258,24.344371795654297
1412,32.43944549560547,25.128599166870117
1413,25.25578498840332,21.83979606628418
1414,24.327716827392578,22.324533462524414
1415,25.369787216186523,22.56231117248535
1416,24.819059371948242,22.841188430786133
1417,24.797954559326172,22.82156753540039
1418,27.432899475097656,17.93482780456543
1419,25.377220153808594,22.57659912109375
1420,27.760204315185547,20.077402114868164
1421,27.75772476196289,20.09358024597168
1422,27.890304565429688,20.15436363220215
1423,28.080120086669922,19.89748191833496
1424,27.91008949279785,20.124326705932617
1425,27.88031005859375,20.090656280517578
1426,27.929500579833984,20.093795776367188
1427,24.42708969116211,21.860322952270508
1428,24.37697982788086,21.833187103271484
1429,24.37686538696289,21.83333396911621
1430,24.366832733154297,21.83265495300293
1431,23.439064025878906,23.103965759277344
1432,19.93762969970703,22.09870719909668
1433,20.179058074951172,21.890134811401367
1434,24.13793182373047,22.880434036254883
1435,24.831218719482422,21.447906494140625
1436,23.72823715209961,21.228076934814453
1437,21.36752700805664,20.239299774169922
1438,21.7446346282959,20.437719345092773
1439,21.167850494384766,19.053958892822266
1440,23.009132385253906,21.07950782775879
1441,23.427597045898438,21.499345779418945
1442,30.20769500732422,19.613815307617188
1443,29.70535659790039,19.548215866088867
1444,28.81189727783203,19.962574005126953
1445,29.12896728515625,20.45149040222168
1446,30.98528289794922,22.052549362182617
1447,31.95939064025879,22.742401123046875
1448,30.57238006591797,23.08793830871582
1449,31.924205780029297,23.327754974365234
1450,31.85285186767578,23.321443557739258
1451,31.813106536865234,23.631105422973633
1452,30.578670501708984,22.934520721435547
1453,28.697385787963867,22.702604293823242
1454,26.85413360595703,22.923215866088867
1455,24.20943260192871,22.501014709472656
1456,24.357620239257812,22.519468307495117
1457,24.348148345947266,22.508729934692383
1458,24.422197341918945,22.39734649658203
1459,24.348392486572266,22.47090721130371
1460,24.33895492553711,22.469831466674805
1461,24.06320571899414,22.5042724609375
1462,24.043703079223633,22.507492065429688
1463,24.060945510864258,22.504676818847656
1464,28.00366973876953,26.673221588134766
1465,27.695636749267578,20.042133331298828
1466,28.020206451416016,19.973020553588867
1467,28.114404678344727,20.184965133666992
1468,26.972179412841797,19.38718032836914
1469,27.442649841308594,17.010488510131836
1470,24.996170043945312,16.832984924316406
1471,26.471004486083984,17.269184112548828
1472,21.331676483154297,17.08222198486328
1473,21.364704132080078,17.03329086303711
1474,16.119773864746094,22.02071189880371
1475,21.139999389648438,16.565702438354492
1476,21.110347747802734,16.567901611328125
1477,21.11027717590332,16.567899703979492
1478,18.58678436279297,14.709575653076172
1479,21.195941925048828,18.15448760986328
1480,23.98686408996582,19.147626876831055
1481,22.142000198364258,17.61295509338379
1482,30.56958770751953,19.910266876220703
1483,30.61847686767578,19.92617416381836
1484,30.098934173583984,19.848060607910156
1485,30.255517959594727,19.371007919311523
1486,29.39468765258789,19.68187141418457
1487,26.575565338134766,18.402084350585938
1488,29.611339569091797,18.950204849243164
1489,30.060218811035156,20.35434913635254
1490,29.838729858398438,20.247955322265625
1491,29.82527732849121,20.264232635498047
1492,29.82822036743164,20.261178970336914
1493,29.833059310913086,20.267608642578125
1494,28.879104614257812,19.689834594726562
1495,26.80678367614746,17.368431091308594
1496,26.064062118530273,17.59149932861328
1497,27.79256820678711,18.365488052368164
1498,30.71308135986328,16.242389678955078
1499,30.540027618408203,17.339786529541016
1500,27.498760223388672,18.082279205322266
1501,30.082706451416016,17.583993911743164
1502,29.5498046875,17.814128875732422
1503,44.01507568359375,23.249862670898438
1504,39.24492645263672,22.20250129699707
1505,35.116024017333984,23.81191062927246
1506,35.44551086425781,23.843177795410156
1507,35.1261100769043,23.91457748413086
1508,38.41484069824219,23.746217727661133
1509,34.02702713012695,22.957727432250977
1510,33.74291229248047,20.911144256591797
1511,38.849544525146484,20.481515884399414
1512,38.53346252441406,20.483413696289062
1513,37.14372253417969,20.22374725341797
1514,36.6260871887207,18.53693199157715
1515,37.34298324584961,20.44861602783203
1516,37.716392517089844,21.007492065429688
1517,37.134002685546875,21.088510513305664
1518,36.51293182373047,21.13092041015625
1519,35.81193923950195,20.270076751708984
1520,43.37823486328125,21.68869400024414
1521,37.52574157714844,20.2694149017334
1522,37.51437759399414,20.231155395507812
1523,34.20738220214844,19.05883026123047
1524,31.909351348876953,19.355436325073242
1525,31.910924911499023,19.352481842041016
1526,31.89764976501465,19.335153579711914
1527,32.1482048034668,19.526090621948242
1528,40.17072677612305,23.213972091674805
1529,40.89503479003906,21.715293884277344
1530,41.077178955078125,21.360017776489258
1531,45.904205322265625,22.19585418701172
1532,41.09801483154297,21.21932601928711
1533,25.15091896057129,17.556652069091797
1534,27.397762298583984,19.101877212524414
1535,34.357601165771484,20.772586822509766
1536,34.44146728515625,21.005640029907227
1537,33.968414306640625,22.960201263427734
1538,33.28717803955078,23.108898162841797
1539,33.21220779418945,23.113502502441406
1540,35.028133392333984,22.58679962158203
1541,38.34224319458008,23.716405868530273
1542,39.34242248535156,20.483678817749023
1543,38.89885711669922,20.571626663208008
1544,38.78441619873047,20.609785079956055
1545,38.68378448486328,20.633024215698242
1546,38.67092514038086,20.628950119018555
1547,36.16957092285156,21.94215965270996
1548,37.170989990234375,22.249034881591797
1549,30.251270294189453,21.415220260620117
1550,32.60051727294922,21.74242401123047
1551,32.27301788330078,21.809295654296875
1552,29.975303649902344,21.52815055847168
1553,28.686309814453125,23.467538833618164
1554,28.47955322265625,23.503995895385742
1555,33.617218017578125,22.487957000732422
1556,36.57141876220703,22.786518096923828
1557,40.778560638427734,23.213642120361328
1558,41.36916732788086,23.654600143432617
1559,41.36056900024414,23.661691665649414
1560,40.77239227294922,23.865556716918945
1561,42.90578842163086,24.384798049926758
1562,41.731285095214844,24.288490295410156
1563,41.41627502441406,20.642854690551758
1564,42.37071228027344,20.93918228149414
1565,44.946189880371094,21.344545364379883
1566,41.98448181152344,22.25383949279785
1567,41.52767562866211,22.417207717895508
1568,41.98521041870117,22.91362953186035
1569,45.90482711791992,24.19584846496582
1570,46.451717376708984,24.520858764648438
1571,41.638450622558594,23.672510147094727
1572,42.16279602050781,23.766551971435547
1573,46.90864944458008,24.51349639892578
1574,41.896358489990234,23.174312591552734
1575,41.820350646972656,23.16316032409668
1576,46.04865264892578,24.217805862426758
1577,44.40912628173828,23.591543197631836
1578,43.33307647705078,23.787111282348633
1579,43.84381866455078,23.155948638916016
1580,41.7325553894043,23.467012405395508
1581,40.976715087890625,22.947620391845703
1582,41.496604919433594,23.046770095825195
1583,40.04778289794922,23.49728775024414
1584,40.644195556640625,23.26192855834961
1585,37.33869552612305,21.702606201171875
1586,37.348487854003906,21.349454879760742
1587,41.14048767089844,25.016117095947266
1588,43.98363494873047,25.722299575805664
1589,32.49304962158203,24.061431884765625
1590,32.15186309814453,24.270902633666992
1591,32.593780517578125,24.239337921142578
1592,32.309661865234375,24.28798484802246
1593,36.56929397583008,15.934704780578613
1594,34.09526443481445,15.553457260131836
1595,32.0307502746582,13.065510749816895
1596,31.351099014282227,11.574944496154785
1597,30.044330596923828,12.15552806854248
1598,30.471601486206055,14.071233749389648
1599,30.994285583496094,14.736583709716797
1600,35.38892364501953,14.752074241638184
1601,36.01894760131836,12.962574005126953
1602,35.52601623535156,13.015907287597656
1603,36.48828887939453,12.311591148376465
1604,38.091400146484375,14.992216110229492
1605,37.090003967285156,14.906700134277344
1606,34.84653854370117,14.798916816711426
1607,34.10456085205078,15.260612487792969
1608,33.197242736816406,15.728710174560547
1609,32.890357971191406,15.815536499023438
1610,33.56379699707031,15.891347885131836
1611,28.305339813232422,15.345311164855957
1612,27.542924880981445,15.468328475952148
1613,27.476543426513672,15.718055725097656
1614,26.98568344116211,15.554529190063477
1615,23.267597198486328,12.666439056396484
1616,25.855327606201172,15.084020614624023
1617,26.046161651611328,15.12919807434082
1618,26.38262176513672,15.200148582458496
1619,25.55811882019043,14.1544189453125
1620,25.93071937561035,14.384318351745605
1621,26.5496826171875,15.10236930847168
1622,27.422584533691406,15.137200355529785
1623,32.78230667114258,16.402589797973633
1624,40.935699462890625,10.985346794128418
1625,43.71470642089844,10.331738471984863
1626,41.830101013183594,17.605308532714844
1627,38.02032470703125,13.696060180664062
1628,38.548221588134766,12.743850708007812
1629,36.097747802734375,11.30567741394043
1630,35.85779571533203,19.201330184936523
1631,34.951820373535156,18.99516487121582
1632,33.739044189453125,16.895614624023438
1633,32.34033966064453,18.42298698425293
1634,32.337921142578125,17.459516525268555
1635,32.554107666015625,17.865358352661133
1636,33.14507293701172,18.057422637939453
1637,32.77358627319336,18.35308074951172
1638,32.410552978515625,18.29279327392578
1639,32.402374267578125,18.72861099243164
1640,31.593055725097656,18.38228988647461
1641,31.46957015991211,16.668119430541992
1642,34.489105224609375,19.504714965820312
1643,36.711280822753906,20.018625259399414
1644,36.707611083984375,19.85877799987793
1645,39.09794235229492,19.423839569091797
1646,38.712162017822266,19.991413116455078
1647,38.275264739990234,20.407209396362305
1648,38.37266540527344,20.240089416503906
1649,37.36223602294922,20.09374237060547
1650,36.27772521972656,18.27280044555664
1651,51.68094253540039,20.386032104492188
1652,55.02836227416992,20.578046798706055
1653,53.169334411621094,17.315275192260742
1654,50.31663513183594,17.536773681640625
1655,49.1688117980957,17.82523536682129
1656,46.73102951049805,16.748306274414062
1657,57.78924560546875,16.62613868713379
1658,52.43037414550781,17.414417266845703
1659,51.05011749267578,17.635143280029297
1660,50.69808578491211,18.03316307067871
1661,49.415565490722656,18.668560028076172
1662,47.3717155456543,20.193513870239258
1663,48.11362838745117,20.328386306762695
1664,48.790321350097656,19.14490509033203
1665,49.17943572998047,19.776330947875977
1666,44.99078369140625,18.744693756103516
1667,46.12397766113281,16.4918270111084
1668,51.309146881103516,17.003742218017578
1669,51.16969299316406,15.867562294006348
1670,56.535221099853516,14.986808776855469
1671,50.79878234863281,16.173627853393555
1672,50.21070861816406,14.75063705444336
1673,52.60767364501953,15.773395538330078
1674,46.980812072753906,15.0145263671875
1675,51.137386322021484,16.229759216308594
1676,51.13624954223633,16.229995727539062
1677,51.13634490966797,16.230016708374023
1678,51.13144302368164,16.232295989990234
1679,46.21145248413086,15.373120307922363
1680,46.34154510498047,15.267965316772461
1681,55.105587005615234,12.911385536193848
1682,52.470733642578125,13.390386581420898
1683,51.9481201171875,13.747517585754395
1684,53.95640563964844,18.745933532714844
1685,49.258609771728516,18.250444412231445
1686,47.23746871948242,18.591936111450195
1687,50.29014205932617,18.65528678894043
1688,49.85531234741211,18.709325790405273
1689,50.39488220214844,19.2238826751709
1690,50.46930694580078,19.312274932861328
1691,50.49226379394531,19.449312210083008
1692,49.350494384765625,19.41547203063965
1693,50.5684814453125,19.703283309936523
1694,50.58599090576172,19.699901580810547
1695,46.22793197631836,19.74419593811035
1696,45.10437774658203,19.85045051574707
1697,49.12715530395508,20.41521453857422
1698,47.75779724121094,21.2569637298584
1699,43.757320404052734,20.261545181274414
1700,48.99217224121094,21.40219497680664
1701,48.994606018066406,21.4032039642334
1702,45.14745330810547,19.358572006225586
1703,45.16519546508789,19.369348526000977
1704,45.15272521972656,19.37677764892578
1705,45.16834259033203,19.373754501342773
1706,50.11968994140625,20.242454528808594
1707,50.11980438232422,20.242433547973633
1708,50.119815826416016,20.2424259185791
1709,50.118709564208984,20.242576599121094
1710,50.11307144165039,20.24337387084961
1711,48.26582336425781,17.149253845214844
1712,48.8111686706543,17.458236694335938
1713,45.04846954345703,16.079566955566406
1714,45.7233772277832,15.123769760131836
1715,49.02119064331055,13.325030326843262
1716,49.543785095214844,11.790849685668945
1717,43.811092376708984,11.172396659851074
1718,48.62071990966797,11.945076942443848
1719,48.45021057128906,11.728187561035156
1720,44.132083892822266,10.719568252563477
1721,43.283897399902344,7.798880577087402
1722,43.30329132080078,7.86836051940918
1723,48.24806594848633,8.739875793457031
1724,49.36649703979492,12.517760276794434
1725,44.41514587402344,11.64906120300293
1726,48.97868728637695,10.689080238342285
1727,53.891502380371094,11.550498962402344
1728,49.1010627746582,10.706814765930176
1729,49.10371398925781,10.707245826721191
1730,49.405330657958984,10.942839622497559
1731,49.29734802246094,10.963560104370117
1732,49.34379196166992,10.970699310302734
1733,49.353275299072266,11.029601097106934
1734,56.16654968261719,12.186790466308594
1735,52.46568298339844,11.514860153198242
1736,52.50373077392578,11.520777702331543
1737,49.10770034790039,12.739800453186035
1738,48.07887268066406,13.31135082244873
1739,51.30097198486328,14.422853469848633
1740,50.14269256591797,14.692946434020996
1741,44.424476623535156,17.00054931640625
1742,43.44541931152344,19.66173553466797
1743,43.35586166381836,19.884870529174805
1744,50.07246398925781,19.039339065551758
1745,48.47770309448242,18.738330841064453
1746,51.11745834350586,19.20081901550293
1747,52.46050262451172,19.389902114868164
1748,50.96564483642578,20.726360321044922
1749,50.828582763671875,20.949155807495117
1750,50.81489944458008,20.949960708618164
1751,49.98800277709961,20.142160415649414
1752,50.045738220214844,19.82021713256836
1753,54.997093200683594,20.68891716003418
1754,55.23178482055664,20.4386043548584
1755,55.4112663269043,20.24939727783203
1756,55.41551971435547,20.249954223632812
1757,55.41551971435547,20.249954223632812
1758,56.14453887939453,18.897140502929688
1759,56.108421325683594,18.938199996948242
1760,56.10942459106445,18.934717178344727
1761,55.84365463256836,19.1823673248291
1762,55.4990348815918,19.601099014282227
1763,56.01080322265625,18.636920928955078
1764,56.01472854614258,18.632244110107422
1765,56.0135498046875,18.631879806518555
1766,51.11663055419922,17.77300262451172
1767,53.07181930541992,17.28476333618164
1768,53.561038970947266,17.254013061523438
1769,53.461891174316406,19.6185359954834
1770,56.12017059326172,18.69619369506836
1771,55.61475372314453,16.146982192993164
1772,56.7726936340332,13.732427597045898
1773,52.42234802246094,17.265478134155273
1774,50.33222579956055,15.22702407836914
1775,50.76686477661133,15.817874908447266
1776,50.92624282836914,15.733981132507324
1777,48.92722702026367,16.541425704956055
1778,50.30918502807617,18.468473434448242
1779,47.25706100463867,16.53761100769043
1780,46.710716247558594,18.061677932739258
1781,46.6417121887207,17.490978240966797
1782,49.76216125488281,17.669836044311523
1783,49.04125213623047,17.38446617126465
1784,49.29092025756836,17.275053024291992
1785,46.44914245605469,16.82516098022461
1786,45.54090881347656,16.2644100189209
1787,49.720863342285156,17.062255859375
1788,45.20225524902344,16.190570831298828
1789,49.96091842651367,17.140167236328125
1790,44.973365783691406,16.270740509033203
1791,44.24824142456055,15.745616912841797
1792,43.319419860839844,15.868598937988281
1793,43.35530090332031,15.875712394714355
1794,47.59475326538086,16.619569778442383
1795,47.594703674316406,16.61957550048828
1796,43.30883026123047,15.867631912231445
1797,45.698585510253906,16.309083938598633
1798,48.19893264770508,16.749902725219727
1799,48.198944091796875,16.749900817871094
1800,48.13129806518555,16.71028709411621
1801,53.060306549072266,17.8570556640625
1802,54.471126556396484,20.635961532592773
1803,51.936614990234375,20.190189361572266
1804,58.25048828125,18.1014404296875
1805,53.516136169433594,17.269906997680664
1806,54.121726989746094,16.712421417236328
1807,61.073997497558594,16.990314483642578
1808,54.80863952636719,16.540184020996094
1809,59.62388610839844,17.6029052734375
1810,54.68130111694336,16.73540687561035
1811,52.30918884277344,17.4976749420166
1812,52.45823287963867,17.458011627197266
1813,52.47193145751953,17.44355583190918
1814,57.42446517944336,18.30880355834961
1815,57.408329010009766,18.206514358520508
1816,57.464622497558594,17.88543128967285
1817,57.80467224121094,14.279481887817383
1818,50.12932205200195,13.990248680114746
1819,53.4382209777832,15.110934257507324
1820,48.77424621582031,14.518806457519531
1821,48.93997573852539,14.802568435668945
1822,49.61624526977539,14.813776016235352
1823,48.59140396118164,15.48239517211914
1824,48.88682556152344,15.36207103729248
1825,54.05316925048828,15.950916290283203
1826,47.51380157470703,16.129257202148438
1827,47.339595794677734,15.998504638671875
1828,51.80646514892578,16.752450942993164
1829,47.40230941772461,15.952967643737793
1830,47.499183654785156,15.92596435546875
1831,39.50617980957031,11.779081344604492
1832,42.20111846923828,15.734036445617676
1833,41.91488265991211,15.662952423095703
1834,48.04167938232422,15.541913986206055
1835,49.5506477355957,15.791419982910156
1836,46.2089958190918,15.4342622756958
1837,46.77749252319336,15.58047103881836
1838,46.98002624511719,15.572535514831543
1839,46.978145599365234,15.554800987243652
1840,46.97894287109375,15.55505657196045
1841,46.979087829589844,15.555075645446777
1842,47.02069091796875,15.56814956665039
1843,48.2736930847168,16.013240814208984
1844,46.25777816772461,18.485231399536133
1845,47.87103271484375,18.821544647216797
1846,45.70623016357422,18.934675216674805
1847,43.32538986206055,19.171117782592773
1848,47.98378372192383,20.2139892578125
1849,45.3334846496582,19.58315658569336
1850,45.33399963378906,19.582199096679688
1851,49.03059387207031,20.230159759521484
1852,45.33021545410156,19.582115173339844
1853,49.57418441772461,20.245222091674805
1854,45.36063766479492,19.510812759399414
1855,45.502197265625,19.16142463684082
1856,44.69951248168945,18.59494400024414
1857,47.63016128540039,18.803152084350586
1858,44.61920166015625,18.21293067932129
1859,44.616546630859375,18.212196350097656
1860,44.486297607421875,18.371013641357422
1861,43.20103073120117,10.89799976348877
1862,48.44761276245117,11.07021713256836
1863,50.4793701171875,13.092167854309082
1864,43.7270393371582,10.66633129119873
1865,43.718570709228516,10.663592338562012
1866,43.42079544067383,10.717350959777832
1867,39.99802017211914,9.083395957946777
1868,39.868690490722656,8.982170104980469
1869,44.47919464111328,7.810980796813965
1870,45.529903411865234,7.825990200042725
1871,46.56853103637695,8.523492813110352
1872,50.2869987487793,9.237276077270508
1873,47.87523651123047,8.919002532958984
1874,48.236141204833984,8.831493377685547
1875,46.480751037597656,8.835944175720215
1876,50.87438201904297,9.711851119995117
1877,44.829673767089844,9.31445026397705
1878,49.623924255371094,10.205533981323242
1879,45.104122161865234,9.659468650817871
1880,37.53965759277344,15.75119400024414
1881,37.502586364746094,15.768033027648926
1882,41.979530334472656,8.973237037658691
1883,41.99791717529297,8.979745864868164
1884,37.301513671875,10.293147087097168
1885,41.27229690551758,10.691957473754883
1886,41.24179458618164,10.62036418914795
1887,40.167869567871094,10.812782287597656
1888,42.060665130615234,10.786524772644043
1889,42.07077407836914,10.974662780761719
1890,37.405643463134766,7.001720905303955
1891,44.40116500854492,14.00534439086914
1892,47.83815002441406,12.655831336975098
1893,44.125179290771484,14.863618850708008
1894,41.79711151123047,16.130489349365234
1895,37.501129150390625,16.085952758789062
1896,37.790924072265625,16.614486694335938
1897,41.83922576904297,17.781641006469727
1898,40.288509368896484,18.466821670532227
